Time (s),Frame Length,Direction,Interarrival
0.0,96,0,0.0
8e-06,96,0,8e-06
0.000161,160,0,0.000153
0.000195,208,0,3.3999999999999986e-05
2.028643,96,0,2.028448
2.028651,96,0,7.999999999785956e-06
2.028802,160,0,0.00015100000000023428
2.028837,208,0,3.499999999956316e-05
2.047894,74,1,0.0190570000000001
2.0479,74,-1,5.999999999950489e-06
2.047905,66,1,5.000000000254801e-06
2.049522,32834,-1,0.0016169999999999796
2.049529,66,1,7.000000000090267e-06
2.049538,32834,-1,8.999999999925734e-06
2.0496,66,1,6.199999999978445e-05
2.049606,32834,-1,5.999999999950489e-06
2.049609,32834,-1,2.9999999999752447e-06
2.049623,66,1,1.4000000000180535e-05
2.049628,32834,-1,4.999999999810711e-06
2.04963,32834,-1,2.000000000279556e-06
2.04968,66,1,4.999999999988347e-05
2.049681,8665,-1,1.000000000139778e-06
2.049684,66,1,2.9999999999752447e-06
3.037301,32834,1,0.9876169999999997
3.037312,66,-1,1.100000000020529e-05
3.037323,32834,1,1.100000000020529e-05
3.037423,66,-1,9.999999999976694e-05
3.037457,32834,1,3.399999999986747e-05
3.037464,32834,1,7.000000000090267e-06
3.03753,66,-1,6.599999999989947e-05
3.037539,32834,1,9.000000000369823e-06
3.037542,66,-1,2.9999999999752447e-06
3.037546,32834,1,3.9999999996709334e-06
3.03755,66,-1,4.000000000115023e-06
3.037554,32834,1,4.000000000115023e-06
3.03756,32834,1,5.999999999950489e-06
3.037564,66,-1,4.000000000115023e-06
3.037566,32834,1,1.9999999998354667e-06
3.037566,66,-1,0.0
3.037572,32834,1,5.999999999950489e-06
3.037575,66,-1,2.9999999999752447e-06
3.037577,66,-1,2.000000000279556e-06
3.037578,32834,1,9.999999996956888e-07
3.037585,32834,1,7.000000000090267e-06
3.037586,66,-1,1.000000000139778e-06
3.03759,32834,1,3.9999999996709334e-06
3.037595,66,-1,5.000000000254801e-06
3.037596,32834,1,1.000000000139778e-06
3.037596,66,-1,0.0
3.037601,32834,1,4.999999999810711e-06
3.037609,32834,1,7.999999999785956e-06
3.037615,32834,1,6.000000000394579e-06
3.037619,66,-1,3.9999999996709334e-06
3.03762,32834,1,1.000000000139778e-06
3.03762,66,-1,0.0
3.037623,66,-1,2.9999999999752447e-06
3.037624,66,-1,1.000000000139778e-06
3.037625,66,-1,9.999999996956888e-07
3.037626,32834,1,1.000000000139778e-06
3.037631,32834,1,5.000000000254801e-06
3.037636,32834,1,4.999999999810711e-06
3.037642,32834,1,5.999999999950489e-06
3.037647,32834,1,5.000000000254801e-06
3.037652,32834,1,4.999999999810711e-06
3.037657,32834,1,4.999999999810711e-06
3.037663,32834,1,5.999999999950489e-06
3.037668,32834,1,5.000000000254801e-06
3.037673,32834,1,4.999999999810711e-06
3.037675,66,-1,2.000000000279556e-06
3.037676,66,-1,9.999999996956888e-07
3.037677,66,-1,1.000000000139778e-06
3.037678,32834,1,1.000000000139778e-06
3.037683,32834,1,4.999999999810711e-06
3.037689,32834,1,5.999999999950489e-06
3.037694,32834,1,5.000000000254801e-06
3.037698,32834,1,3.9999999996709334e-06
3.037702,32834,1,4.000000000115023e-06
3.037706,32834,1,4.000000000115023e-06
3.03777,66,-1,6.4000000000064e-05
3.037776,32834,1,5.999999999950489e-06
3.037781,65549,1,4.999999999810711e-06
3.037782,11865,1,1.000000000139778e-06
3.037974,66,-1,0.00019200000000019202
3.040815,66,-1,0.0028409999999996494
3.040824,66,1,9.000000000369823e-06
4.037979,74,1,0.9971549999999998
4.037988,74,-1,9.000000000369823e-06
4.037995,66,1,6.999999999202089e-06
4.039462,32834,-1,0.0014670000000007732
4.039472,66,1,9.999999999621423e-06
4.039482,32834,-1,9.999999999621423e-06
4.039569,66,1,8.700000000061436e-05
4.039578,32834,-1,8.999999999481645e-06
4.039582,32834,-1,4.000000000559112e-06
4.039601,66,1,1.8999999999991246e-05
4.039605,32834,-1,3.9999999996709334e-06
4.039608,32834,-1,3.000000000419334e-06
4.039631,66,1,2.299999999966218e-05
4.039633,8665,-1,2.000000000279556e-06
4.039635,66,1,1.9999999993913775e-06
4.292289,32834,1,0.2526540000000006
4.292301,66,-1,1.1999999999900979e-05
4.29231,32834,1,8.999999999481645e-06
4.292452,66,-1,0.00014200000000030855
4.292523,32834,1,7.100000000015427e-05
4.292531,32834,1,8.000000000230045e-06
4.292619,66,-1,8.799999999986596e-05
4.292629,32834,1,9.999999999621423e-06
4.292634,32834,1,4.999999999810711e-06
4.292641,66,-1,7.000000000090267e-06
4.292646,32834,1,5.00000000069889e-06
4.29265,32834,1,3.9999999996709334e-06
4.292654,32834,1,3.9999999996709334e-06
4.292659,32834,1,4.999999999810711e-06
4.292672,66,-1,1.3000000000040757e-05
4.292676,32834,1,4.000000000559112e-06
4.29268,32834,1,3.9999999996709334e-06
4.292685,32834,1,4.999999999810711e-06
4.292688,32834,1,3.000000000419334e-06
4.292693,32834,1,4.999999999810711e-06
4.292709,66,-1,1.600000000046009e-05
4.292714,32834,1,4.999999999810711e-06
4.292718,32834,1,3.9999999996709334e-06
4.292725,32834,1,7.000000000090267e-06
4.292735,66,-1,1.0000000000509601e-05
4.29274,32834,1,4.999999999810711e-06
4.292744,32834,1,3.9999999996709334e-06
4.292751,66,-1,7.000000000090267e-06
4.292756,32834,1,4.999999999810711e-06
4.29276,32834,1,4.000000000559112e-06
4.292767,66,-1,7.000000000090267e-06
4.292771,32834,1,3.9999999996709334e-06
4.292775,32834,1,3.9999999996709334e-06
4.292782,66,-1,7.000000000090267e-06
4.292786,32834,1,4.000000000559112e-06
4.29279,32834,1,3.9999999996709334e-06
4.292797,66,-1,7.000000000090267e-06
4.292801,32834,1,3.9999999996709334e-06
4.292805,32834,1,4.000000000559112e-06
4.292811,66,-1,5.999999999950489e-06
4.292816,32834,1,4.999999999810711e-06
4.292819,32834,1,2.9999999995311555e-06
4.292826,66,-1,7.000000000090267e-06
4.29283,32834,1,4.000000000559112e-06
4.292833,66,-1,2.9999999995311555e-06
4.292837,32834,1,3.9999999996709334e-06
4.292841,66,-1,4.000000000559112e-06
4.292845,32834,1,3.9999999996709334e-06
4.29285,66,-1,4.999999999810711e-06
4.292853,32834,1,3.000000000419334e-06
4.292973,66,-1,0.00011999999999989797
4.292983,32834,1,1.0000000000509601e-05
4.292987,32834,1,3.9999999996709334e-06
4.29299,32834,1,2.9999999995311555e-06
4.292993,32834,1,3.000000000419334e-06
4.292997,32834,1,3.9999999996709334e-06
4.293001,32834,1,4.000000000559112e-06
4.293006,32834,1,4.999999999810711e-06
4.29301,32834,1,3.9999999996709334e-06
4.293013,32834,1,3.000000000419334e-06
4.293016,32834,1,2.9999999995311555e-06
4.293019,32834,1,3.000000000419334e-06
4.293022,32834,1,2.9999999995311555e-06
4.293026,32834,1,4.000000000559112e-06
4.293034,32834,1,7.999999999341867e-06
4.293037,32834,1,3.000000000419334e-06
4.293038,11812,1,1.000000000139778e-06
4.293075,66,-1,3.6999999999842714e-05
4.293077,66,-1,2.000000000279556e-06
4.293079,66,-1,1.9999999993913775e-06
4.293081,66,-1,2.000000000279556e-06
4.293084,66,-1,3.000000000419334e-06
4.293085,66,-1,9.999999992515995e-07
4.293087,66,-1,2.000000000279556e-06
4.293089,66,-1,2.000000000279556e-06
4.293511,66,-1,0.00042199999999947835
4.29674,66,-1,0.0032290000000001484
4.296748,66,1,8.000000000230045e-06
4.558941,96,0,0.2621929999999999
4.558949,96,0,8.000000000230045e-06
4.559112,160,0,0.00016299999999969117
4.559157,208,0,4.500000000007276e-05
4.58637,74,1,0.02721299999999971
4.586377,74,-1,7.000000000090267e-06
4.586384,66,1,7.000000000090267e-06
4.587564,32834,-1,0.001180000000000625
4.587571,66,1,6.999999999202089e-06
4.587584,32834,-1,1.3000000000040757e-05
4.587704,66,1,0.00011999999999989797
4.587711,32834,-1,7.000000000090267e-06
4.587714,32834,-1,3.000000000419334e-06
4.587729,66,1,1.5000000000320313e-05
4.587733,32834,-1,3.9999999996709334e-06
4.587735,32834,-1,2.000000000279556e-06
4.587783,66,1,4.7999999999603915e-05
4.587785,8665,-1,2.000000000279556e-06
4.587787,66,1,1.9999999993913775e-06
5.292803,74,1,0.7050160000000005
5.292811,74,-1,8.000000000230045e-06
5.292818,66,1,6.999999999202089e-06
5.554802,32834,1,0.261984
5.554812,66,-1,1.0000000000509601e-05
5.554822,32834,1,9.999999999621423e-06
5.554929,66,-1,0.00010699999999985721
5.554969,32834,1,4.000000000026205e-05
5.554975,32834,1,5.999999999950489e-06
5.555039,66,-1,6.4000000000064e-05
5.555066,32834,1,2.700000000022129e-05
5.55507,66,-1,3.9999999996709334e-06
5.555074,32834,1,4.000000000559112e-06
5.555076,66,-1,1.9999999993913775e-06
5.555081,32834,1,5.00000000069889e-06
5.555083,66,-1,1.9999999993913775e-06
5.555087,32834,1,4.000000000559112e-06
5.55509,66,-1,2.9999999995311555e-06
5.555097,32834,1,7.000000000090267e-06
5.5551,66,-1,3.000000000419334e-06
5.555104,32834,1,3.9999999996709334e-06
5.555107,66,-1,2.9999999995311555e-06
5.55511,32834,1,3.000000000419334e-06
5.555113,66,-1,3.000000000419334e-06
5.55513,32834,1,1.699999999971169e-05
5.555133,66,-1,2.9999999995311555e-06
5.555136,32834,1,3.000000000419334e-06
5.555138,66,-1,2.000000000279556e-06
5.555142,32834,1,3.9999999996709334e-06
5.555147,32834,1,4.999999999810711e-06
5.555155,32834,1,8.000000000230045e-06
5.55516,32834,1,4.999999999810711e-06
5.555167,32834,1,7.000000000090267e-06
5.555169,66,-1,2.000000000279556e-06
5.555172,32834,1,2.9999999995311555e-06
5.555172,66,-1,0.0
5.555174,66,-1,2.000000000279556e-06
5.555175,66,-1,1.000000000139778e-06
5.555177,66,-1,1.9999999993913775e-06
5.555178,66,-1,1.000000000139778e-06
5.555178,32834,1,0.0
5.555197,32834,1,1.8999999999991246e-05
5.555203,32834,1,5.999999999950489e-06
5.555209,32834,1,5.999999999950489e-06
5.555214,32834,1,5.00000000069889e-06
5.555219,32834,1,4.999999999810711e-06
5.555222,66,-1,2.9999999995311555e-06
5.555223,66,-1,1.000000000139778e-06
5.555224,66,-1,1.000000000139778e-06
5.555225,32834,1,1.000000000139778e-06
5.555225,66,-1,0.0
5.555226,66,-1,1.000000000139778e-06
5.555228,66,-1,1.9999999993913775e-06
5.555229,66,-1,1.000000000139778e-06
5.55523,32834,1,1.000000000139778e-06
5.555235,32834,1,4.999999999810711e-06
5.55524,32834,1,5.00000000069889e-06
5.555245,32834,1,4.999999999810711e-06
5.555252,32834,1,7.000000000090267e-06
5.555257,32834,1,4.999999999810711e-06
5.55526,32834,1,2.9999999995311555e-06
5.555264,32834,1,4.000000000559112e-06
5.555268,32834,1,3.9999999996709334e-06
5.555281,65549,1,1.3000000000040757e-05
5.555329,11865,1,4.8000000000492093e-05
5.555487,66,-1,0.00015799999999988046
5.557838,66,-1,0.002350999999999992
5.557843,66,1,4.999999999810711e-06
5.558554,32834,-1,0.0007109999999999062
5.55856,66,1,5.999999999950489e-06
5.558565,32834,-1,4.999999999810711e-06
5.558674,66,1,0.00010900000000013677
5.558681,32834,-1,7.000000000090267e-06
5.558684,32834,-1,3.000000000419334e-06
5.558697,66,1,1.3000000000040757e-05
5.5587,32834,-1,2.9999999995311555e-06
5.558702,32834,-1,2.000000000279556e-06
5.558705,66,1,2.9999999995311555e-06
5.558707,8665,-1,2.000000000279556e-06
5.558709,66,1,2.000000000279556e-06
5.558711,66,1,1.9999999993913775e-06
5.857447,32834,1,0.2987359999999999
5.857459,66,-1,1.2000000000789157e-05
5.85747,32834,1,1.09999999997612e-05
5.857572,66,-1,0.0001020000000000465
5.857617,32834,1,4.500000000007276e-05
5.857624,32834,1,7.000000000090267e-06
5.857683,66,-1,5.8999999999365116e-05
5.85772,32834,1,3.6999999999842714e-05
5.857723,66,-1,3.000000000419334e-06
5.857727,32834,1,3.9999999996709334e-06
5.857729,66,-1,2.000000000279556e-06
5.857734,32834,1,4.999999999810711e-06
5.857737,66,-1,3.000000000419334e-06
5.85774,32834,1,2.9999999995311555e-06
5.857744,66,-1,4.000000000559112e-06
5.857751,32834,1,7.000000000090267e-06
5.857754,66,-1,2.9999999995311555e-06
5.857758,32834,1,3.9999999996709334e-06
5.857761,66,-1,3.000000000419334e-06
5.857764,32834,1,3.000000000419334e-06
5.857767,66,-1,2.9999999995311555e-06
5.857771,32834,1,3.9999999996709334e-06
5.857773,66,-1,2.000000000279556e-06
5.85779,32834,1,1.699999999971169e-05
5.857792,66,-1,2.000000000279556e-06
5.857796,32834,1,3.9999999996709334e-06
5.857801,32834,1,5.00000000069889e-06
5.857809,32834,1,7.999999999341867e-06
5.857815,32834,1,6.000000000838668e-06
5.857821,32834,1,5.999999999950489e-06
5.857831,32834,1,9.999999999621423e-06
5.857832,66,-1,1.000000000139778e-06
5.857835,66,-1,2.9999999995311555e-06
5.857836,32834,1,1.000000000139778e-06
5.857837,66,-1,1.000000000139778e-06
5.857838,66,-1,1.000000000139778e-06
5.857839,66,-1,1.000000000139778e-06
5.85784,66,-1,1.000000000139778e-06
5.857841,66,-1,9.999999992515995e-07
5.857841,32834,1,0.0
5.857847,32834,1,5.999999999950489e-06
5.857853,32834,1,6.000000000838668e-06
5.857859,32834,1,5.999999999950489e-06
5.857862,66,-1,2.9999999995311555e-06
5.857864,66,-1,2.000000000279556e-06
5.857864,32834,1,0.0
5.857865,66,-1,1.000000000139778e-06
5.857866,66,-1,9.999999992515995e-07
5.85787,32834,1,4.000000000559112e-06
5.857875,32834,1,4.999999999810711e-06
5.857878,66,-1,3.000000000419334e-06
5.857879,66,-1,9.999999992515995e-07
5.85788,66,-1,1.000000000139778e-06
5.85788,32834,1,0.0
5.857886,32834,1,5.999999999950489e-06
5.85789,66,-1,4.000000000559112e-06
5.85789,32834,1,0.0
5.857896,66,-1,5.999999999950489e-06
5.857897,32834,1,1.000000000139778e-06
5.857901,32834,1,3.9999999996709334e-06
5.857904,66,-1,3.000000000419334e-06
5.857906,32834,1,1.9999999993913775e-06
5.85791,32834,1,4.000000000559112e-06
5.857914,32834,1,3.9999999996709334e-06
5.857918,32834,1,3.9999999996709334e-06
5.857921,32834,1,3.000000000419334e-06
5.857925,32834,1,3.9999999996709334e-06
5.857989,11865,1,6.4000000000064e-05
5.858258,66,-1,0.0002690000000002968
5.859965,66,-1,0.001706999999999681
5.859972,66,1,7.000000000090267e-06
6.555665,74,1,0.6956930000000003
6.555686,74,-1,2.0999999999382624e-05
6.555707,66,1,2.1000000000270802e-05
6.558728,32834,-1,0.0030210000000003845
6.558753,66,1,2.4999999999941735e-05
6.558779,32834,-1,2.6000000000081513e-05
6.558912,66,1,0.00013299999999993872
6.558944,32834,-1,3.2000000000032e-05
6.558956,32834,-1,1.1999999999900979e-05
6.559016,66,1,5.9999999999504894e-05
6.559031,32834,-1,1.5000000000320313e-05
6.559042,32834,-1,1.09999999997612e-05
6.559096,66,1,5.400000000044258e-05
6.559103,8665,-1,7.000000000090267e-06
6.55911,66,1,7.000000000090267e-06
6.858213,74,1,0.2991029999999997
6.85822,74,-1,7.000000000090267e-06
6.858225,66,1,4.999999999810711e-06
6.892839,32834,1,0.03461400000000037
6.892847,66,-1,7.999999999341867e-06
6.892856,32834,1,9.000000000369823e-06
6.892956,66,-1,9.999999999976694e-05
6.892995,32834,1,3.900000000012227e-05
6.893001,32834,1,5.999999999950489e-06
6.893061,66,-1,6.000000000039307e-05
6.893098,32834,1,3.6999999999842714e-05
6.8931,66,-1,1.9999999993913775e-06
6.893104,32834,1,4.000000000559112e-06
6.893107,66,-1,2.9999999995311555e-06
6.893111,32834,1,4.000000000559112e-06
6.893114,66,-1,2.9999999995311555e-06
6.893118,32834,1,4.000000000559112e-06
6.893121,66,-1,2.9999999995311555e-06
6.893125,32834,1,4.000000000559112e-06
6.893128,66,-1,2.9999999995311555e-06
6.893135,32834,1,7.000000000090267e-06
6.893138,66,-1,3.000000000419334e-06
6.893141,32834,1,2.9999999995311555e-06
6.893144,66,-1,3.000000000419334e-06
6.893148,32834,1,3.9999999996709334e-06
6.893151,66,-1,2.9999999995311555e-06
6.893154,32834,1,3.000000000419334e-06
6.89317,66,-1,1.5999999999571912e-05
6.893174,32834,1,4.000000000559112e-06
6.893176,66,-1,2.000000000279556e-06
6.89318,32834,1,3.9999999996709334e-06
6.893187,32834,1,7.000000000090267e-06
6.893193,32834,1,5.999999999950489e-06
6.893198,32834,1,4.999999999810711e-06
6.893205,32834,1,7.000000000090267e-06
6.893211,32834,1,5.999999999950489e-06
6.893212,66,-1,1.000000000139778e-06
6.893215,66,-1,2.9999999995311555e-06
6.893216,32834,1,1.000000000139778e-06
6.893217,66,-1,1.000000000139778e-06
6.893218,66,-1,1.000000000139778e-06
6.893219,66,-1,1.000000000139778e-06
6.89322,66,-1,1.000000000139778e-06
6.893221,32834,1,9.999999992515995e-07
6.893221,66,-1,0.0
6.893227,32834,1,6.000000000838668e-06
6.893232,32834,1,4.999999999810711e-06
6.893237,32834,1,4.999999999810711e-06
6.893243,32834,1,5.999999999950489e-06
6.893243,66,-1,0.0
6.893244,66,-1,1.000000000139778e-06
6.893246,66,-1,2.000000000279556e-06
6.893247,66,-1,9.999999992515995e-07
6.893248,32834,1,1.000000000139778e-06
6.893248,66,-1,0.0
6.893253,32834,1,4.999999999810711e-06
6.893259,32834,1,5.999999999950489e-06
6.893264,32834,1,5.00000000069889e-06
6.893264,66,-1,0.0
6.893268,32834,1,3.9999999996709334e-06
6.893273,32834,1,4.999999999810711e-06
6.893274,66,-1,1.000000000139778e-06
6.893282,32834,1,8.000000000230045e-06
6.893284,66,-1,2.000000000279556e-06
6.893285,66,-1,9.999999992515995e-07
6.893285,32834,1,0.0
6.893289,32834,1,4.000000000559112e-06
6.893308,65549,1,1.8999999999991246e-05
6.893328,66,-1,2.0000000000131024e-05
6.893333,11865,1,4.999999999810711e-06
6.893342,66,-1,8.999999999481645e-06
6.893365,66,1,2.3000000000550358e-05
6.895439,66,-1,0.002073999999999465
6.895444,66,1,5.00000000069889e-06
6.896157,32834,-1,0.0007129999999992975
6.896163,66,1,5.999999999950489e-06
6.896169,32834,-1,6.000000000838668e-06
6.89626,66,1,9.099999999939712e-05
6.896266,32834,-1,5.999999999950489e-06
6.896268,32834,-1,2.000000000279556e-06
6.896281,66,1,1.3000000000040757e-05
6.896284,32834,-1,2.9999999995311555e-06
6.896285,32834,-1,1.000000000139778e-06
6.896303,66,1,1.7999999999851468e-05
6.896305,8665,-1,2.000000000279556e-06
6.896307,66,1,2.000000000279556e-06
7.270194,32834,1,0.37388699999999986
7.270204,66,-1,9.999999999621423e-06
7.270214,32834,1,1.0000000000509601e-05
7.270312,66,-1,9.799999999948739e-05
7.270351,32834,1,3.900000000012227e-05
7.270361,32834,1,1.0000000000509601e-05
7.270426,66,-1,6.49999999993156e-05
7.270453,32834,1,2.700000000022129e-05
7.270457,66,-1,4.000000000559112e-06
7.270461,32834,1,3.9999999996709334e-06
7.270467,32834,1,5.999999999950489e-06
7.270468,66,-1,1.000000000139778e-06
7.270473,66,-1,4.999999999810711e-06
7.270473,32834,1,0.0
7.270478,66,-1,4.999999999810711e-06
7.270479,32834,1,1.000000000139778e-06
7.270483,66,-1,3.9999999996709334e-06
7.270484,32834,1,1.000000000139778e-06
7.270487,66,-1,3.000000000419334e-06
7.270492,32834,1,4.999999999810711e-06
7.270495,66,-1,3.000000000419334e-06
7.270499,32834,1,3.9999999996709334e-06
7.270501,66,-1,2.000000000279556e-06
7.270505,32834,1,3.9999999996709334e-06
7.270508,66,-1,3.000000000419334e-06
7.270512,32834,1,3.9999999996709334e-06
7.270515,66,-1,2.9999999995311555e-06
7.270519,32834,1,4.000000000559112e-06
7.270525,32834,1,5.999999999950489e-06
7.270529,66,-1,3.9999999996709334e-06
7.27053,66,-1,1.000000000139778e-06
7.270531,32834,1,1.000000000139778e-06
7.270537,32834,1,5.999999999950489e-06
7.270538,66,-1,1.000000000139778e-06
7.270542,66,-1,3.9999999996709334e-06
7.270543,32834,1,1.000000000139778e-06
7.270547,66,-1,3.9999999996709334e-06
7.270554,32834,1,7.000000000090267e-06
7.270557,66,-1,3.000000000419334e-06
7.270561,32834,1,3.9999999996709334e-06
7.270563,66,-1,2.000000000279556e-06
7.270568,32834,1,4.999999999810711e-06
7.27057,66,-1,2.000000000279556e-06
7.270575,32834,1,4.999999999810711e-06
7.27058,32834,1,4.999999999810711e-06
7.270586,32834,1,5.999999999950489e-06
7.270592,32834,1,5.999999999950489e-06
7.270598,32834,1,5.999999999950489e-06
7.270603,32834,1,5.00000000069889e-06
7.270609,32834,1,5.999999999950489e-06
7.27061,66,-1,9.999999992515995e-07
7.270611,66,-1,1.000000000139778e-06
7.270612,66,-1,1.000000000139778e-06
7.270613,32834,1,1.000000000139778e-06
7.270613,66,-1,0.0
7.270614,66,-1,1.000000000139778e-06
7.270616,66,-1,2.000000000279556e-06
7.270618,32834,1,1.9999999993913775e-06
7.270622,32834,1,4.000000000559112e-06
7.270626,32834,1,3.9999999996709334e-06
7.27063,32834,1,3.9999999996709334e-06
7.270631,66,-1,1.000000000139778e-06
7.270634,32834,1,3.000000000419334e-06
7.270638,32834,1,3.9999999996709334e-06
7.270642,32834,1,3.9999999996709334e-06
7.270644,66,-1,2.000000000279556e-06
7.270646,32834,1,2.000000000279556e-06
7.270688,66,-1,4.1999999999653426e-05
7.270693,11865,1,4.999999999810711e-06
7.270696,66,-1,3.000000000419334e-06
7.270721,66,1,2.4999999999941735e-05
7.272873,66,-1,0.0021519999999997097
7.272877,66,1,4.000000000559112e-06
7.893724,74,1,0.6208469999999995
7.893747,74,-1,2.3000000000550358e-05
7.89377,66,1,2.299999999966218e-05
7.896854,32834,-1,0.0030840000000003087
7.896879,66,1,2.4999999999941735e-05
7.896907,32834,-1,2.799999999947289e-05
7.897046,66,1,0.0001389999999998892
7.897082,32834,-1,3.6000000000591115e-05
7.897095,32834,-1,1.3000000000040757e-05
7.897168,66,1,7.299999999954565e-05
7.897182,32834,-1,1.4000000000180535e-05
7.897192,32834,-1,1.0000000000509601e-05
7.89721,66,1,1.7999999999851468e-05
7.897217,8665,-1,7.000000000090267e-06
7.897226,66,1,8.999999999481645e-06
7.897235,66,1,9.000000000369823e-06
8.244861,32834,1,0.347626
8.244871,66,-1,9.999999999621423e-06
8.244881,32834,1,9.999999999621423e-06
8.244981,66,-1,9.999999999976694e-05
8.245012,32834,1,3.0999999999892225e-05
8.245021,32834,1,9.000000000369823e-06
8.245081,66,-1,6.000000000128125e-05
8.245114,32834,1,3.2999999998395424e-05
8.245117,66,-1,3.0000000013075123e-06
8.245121,32834,1,3.999999998782755e-06
8.245123,66,-1,2.000000000279556e-06
8.245128,32834,1,4.999999999810711e-06
8.245132,66,-1,4.000000000559112e-06
8.245135,32834,1,2.9999999995311555e-06
8.245138,66,-1,3.0000000013075123e-06
8.245142,32834,1,3.999999998782755e-06
8.245145,66,-1,3.0000000013075123e-06
8.245148,32834,1,2.9999999995311555e-06
8.245151,66,-1,2.9999999995311555e-06
8.245158,32834,1,7.000000000090267e-06
8.245161,66,-1,2.9999999995311555e-06
8.245164,32834,1,3.0000000013075123e-06
8.245167,66,-1,2.9999999995311555e-06
8.24517,32834,1,2.9999999995311555e-06
8.245173,66,-1,2.9999999995311555e-06
8.24519,32834,1,1.699999999971169e-05
8.245192,66,-1,2.000000000279556e-06
8.245196,32834,1,4.000000000559112e-06
8.245203,32834,1,7.000000000090267e-06
8.245209,32834,1,5.999999999062311e-06
8.245214,32834,1,5.000000001587068e-06
8.24522,32834,1,5.999999999062311e-06
8.245225,32834,1,4.999999999810711e-06
8.24523,66,-1,4.999999999810711e-06
8.245231,32834,1,1.0000000010279564e-06
8.245233,66,-1,2.000000000279556e-06
8.245235,66,-1,1.999999998503199e-06
8.245236,66,-1,1.0000000010279564e-06
8.245237,32834,1,9.999999992515995e-07
8.245237,66,-1,0.0
8.245238,66,-1,1.0000000010279564e-06
8.245239,66,-1,9.999999992515995e-07
8.245241,66,-1,2.000000000279556e-06
8.245242,32834,1,9.999999992515995e-07
8.245247,32834,1,5.000000001587068e-06
8.245253,32834,1,5.999999999062311e-06
8.245258,32834,1,4.999999999810711e-06
8.245264,32834,1,6.000000000838668e-06
8.245265,66,-1,9.999999992515995e-07
8.245266,66,-1,1.0000000010279564e-06
8.245267,66,-1,9.999999992515995e-07
8.245268,66,-1,9.999999992515995e-07
8.245268,32834,1,0.0
8.245269,66,-1,1.0000000010279564e-06
8.245273,32834,1,3.999999998782755e-06
8.245277,32834,1,4.000000000559112e-06
8.245282,32834,1,4.999999999810711e-06
8.245283,66,-1,1.0000000010279564e-06
8.245294,32834,1,1.0999999998873022e-05
8.245296,66,-1,2.000000000279556e-06
8.245297,66,-1,1.0000000010279564e-06
8.245298,32834,1,9.999999992515995e-07
8.245302,32834,1,4.000000000559112e-06
8.245304,66,-1,2.000000000279556e-06
8.245323,65549,1,1.8999999999991246e-05
8.245335,66,-1,1.1999999999900979e-05
8.245355,66,-1,1.9999999999242846e-05
8.245361,11865,1,6.000000000838668e-06
8.245363,66,-1,1.999999998503199e-06
8.245383,66,1,2.0000000001019203e-05
8.247316,66,-1,0.0019329999999992964
8.24732,66,1,4.000000000559112e-06
8.271044,74,1,0.023723999999999634
8.271059,74,-1,1.4999999999432134e-05
8.271074,66,1,1.5000000001208491e-05
8.273445,32834,-1,0.002371000000000123
8.273465,66,1,1.9999999999242846e-05
8.273487,32834,-1,2.19999999995224e-05
8.273598,66,1,0.00011100000000041632
8.273619,32834,-1,2.1000000000270802e-05
8.273626,32834,-1,7.000000000090267e-06
8.273662,66,1,3.5999999999702936e-05
8.273672,32834,-1,9.999999999621423e-06
8.273678,32834,-1,6.000000000838668e-06
8.273726,66,1,4.7999999999603915e-05
8.273732,8665,-1,6.000000000838668e-06
8.273738,66,1,5.999999999062311e-06
8.565628,32834,1,0.2918900000000004
8.565638,66,-1,9.999999999621423e-06
8.565646,32834,1,7.999999999341867e-06
8.565745,66,-1,9.900000000051534e-05
8.565783,32834,1,3.799999999998249e-05
8.565789,32834,1,6.000000000838668e-06
8.565849,66,-1,5.9999999999504894e-05
8.56588,32834,1,3.0999999999892225e-05
8.565883,66,-1,2.9999999995311555e-06
8.565887,32834,1,4.000000000559112e-06
8.56589,66,-1,2.9999999995311555e-06
8.565894,32834,1,4.000000000559112e-06
8.565897,66,-1,2.9999999995311555e-06
8.565901,32834,1,4.000000000559112e-06
8.565905,66,-1,4.000000000559112e-06
8.565908,32834,1,2.9999999995311555e-06
8.565911,66,-1,2.9999999995311555e-06
8.565918,32834,1,7.000000000090267e-06
8.56592,66,-1,2.000000000279556e-06
8.565923,32834,1,2.9999999995311555e-06
8.565927,66,-1,4.000000000559112e-06
8.56593,32834,1,2.9999999995311555e-06
8.565932,66,-1,2.000000000279556e-06
8.565949,32834,1,1.699999999971169e-05
8.565951,66,-1,2.000000000279556e-06
8.565954,32834,1,2.9999999995311555e-06
8.565957,66,-1,2.9999999995311555e-06
8.56596,32834,1,3.0000000013075123e-06
8.565967,32834,1,7.000000000090267e-06
8.565973,32834,1,5.999999999062311e-06
8.565978,32834,1,4.999999999810711e-06
8.565983,32834,1,4.999999999810711e-06
8.565988,32834,1,5.000000001587068e-06
8.565991,66,-1,2.9999999995311555e-06
8.565993,32834,1,2.000000000279556e-06
8.565994,66,-1,9.999999992515995e-07
8.565995,66,-1,9.999999992515995e-07
8.565997,66,-1,2.000000000279556e-06
8.565998,66,-1,1.0000000010279564e-06
8.565998,32834,1,0.0
8.565999,66,-1,9.999999992515995e-07
8.566,66,-1,1.0000000010279564e-06
8.566001,66,-1,9.999999992515995e-07
8.566003,32834,1,2.000000000279556e-06
8.566008,32834,1,4.999999999810711e-06
8.566013,32834,1,4.999999999810711e-06
8.566018,32834,1,4.999999999810711e-06
8.566024,32834,1,6.000000000838668e-06
8.566025,66,-1,9.999999992515995e-07
8.566026,66,-1,1.0000000010279564e-06
8.566028,66,-1,1.999999998503199e-06
8.566028,66,-1,0.0
8.566029,32834,1,1.0000000010279564e-06
8.56603,66,-1,9.999999992515995e-07
8.566035,32834,1,4.999999999810711e-06
8.566039,32834,1,4.000000000559112e-06
8.566043,32834,1,4.000000000559112e-06
8.566044,66,-1,9.999999992515995e-07
8.566047,32834,1,2.9999999995311555e-06
8.566055,32834,1,8.000000001118224e-06
8.566057,66,-1,2.000000000279556e-06
8.566058,66,-1,9.999999992515995e-07
8.566059,32834,1,9.999999992515995e-07
8.566063,32834,1,4.000000000559112e-06
8.566105,66,-1,4.2000000000541604e-05
8.566111,11865,1,5.999999999062311e-06
8.566119,66,-1,8.000000001118224e-06
8.566135,66,1,1.5999999998683734e-05
8.567841,66,-1,0.0017060000000004294
8.567845,66,1,4.000000000559112e-06
9.245824,74,1,0.6779790000000006
9.245846,74,-1,2.19999999995224e-05
9.245867,66,1,2.1000000000270802e-05
9.248906,32834,-1,0.0030389999999993478
9.248935,66,1,2.899999999961267e-05
9.248962,32834,-1,2.700000000110947e-05
9.249113,66,1,0.000150999999998902
9.249148,32834,-1,3.500000000045134e-05
9.249162,32834,-1,1.4000000000180535e-05
9.249232,66,1,6.999999999912632e-05
9.249247,32834,-1,1.5000000001208491e-05
9.249256,32834,-1,9.000000000369823e-06
9.249316,66,1,5.9999999999504894e-05
9.249324,8665,-1,7.999999999341867e-06
9.249332,66,1,8.000000001118224e-06
9.566321,74,1,0.3169889999999995
9.566333,74,-1,1.1999999999900979e-05
9.566343,66,1,9.999999999621423e-06
9.621867,32834,1,0.05552400000000013
9.621876,66,-1,9.000000000369823e-06
9.621884,32834,1,7.999999999341867e-06
9.621981,66,-1,9.700000000023579e-05
9.622008,32834,1,2.6999999999333113e-05
9.622015,32834,1,7.000000000090267e-06
9.622079,66,-1,6.4000000000064e-05
9.622106,32834,1,2.700000000110947e-05
9.622109,66,-1,2.9999999995311555e-06
9.622113,32834,1,4.000000000559112e-06
9.622118,66,-1,4.999999999810711e-06
9.62212,32834,1,2.000000000279556e-06
9.622122,66,-1,1.999999998503199e-06
9.622127,32834,1,5.000000001587068e-06
9.622129,66,-1,1.999999998503199e-06
9.622133,32834,1,4.000000000559112e-06
9.622136,66,-1,2.9999999995311555e-06
9.622139,32834,1,3.0000000013075123e-06
9.622147,32834,1,7.999999999341867e-06
9.622148,66,-1,9.999999992515995e-07
9.622152,66,-1,4.000000000559112e-06
9.622153,32834,1,1.0000000010279564e-06
9.622157,66,-1,3.999999998782755e-06
9.622159,32834,1,2.000000000279556e-06
9.622162,66,-1,2.9999999995311555e-06
9.622166,32834,1,4.000000000559112e-06
9.622169,66,-1,2.9999999995311555e-06
9.622173,32834,1,4.000000000559112e-06
9.622175,66,-1,2.000000000279556e-06
9.622179,32834,1,3.999999998782755e-06
9.622182,66,-1,3.0000000013075123e-06
9.622185,32834,1,2.9999999995311555e-06
9.622191,32834,1,6.000000000838668e-06
9.622198,32834,1,6.9999999983139105e-06
9.6222,66,-1,2.000000000279556e-06
9.622202,66,-1,2.000000000279556e-06
9.622203,66,-1,1.0000000010279564e-06
9.622207,32834,1,3.999999998782755e-06
9.622212,66,-1,4.999999999810711e-06
9.622213,32834,1,1.0000000010279564e-06
9.622217,66,-1,3.999999998782755e-06
9.622219,32834,1,2.000000000279556e-06
9.622222,66,-1,3.0000000013075123e-06
9.622226,32834,1,3.999999998782755e-06
9.622229,66,-1,3.0000000013075123e-06
9.622233,32834,1,3.999999998782755e-06
9.622239,32834,1,6.000000000838668e-06
9.622245,32834,1,5.999999999062311e-06
9.622251,32834,1,6.000000000838668e-06
9.622257,32834,1,5.999999999062311e-06
9.622263,32834,1,6.000000000838668e-06
9.622267,32834,1,4.000000000559112e-06
9.622272,32834,1,4.999999999810711e-06
9.622285,32834,1,1.2999999999152578e-05
9.622291,32834,1,6.000000000838668e-06
9.622295,32834,1,3.999999998782755e-06
9.622353,66,-1,5.8000000001001695e-05
9.62236,11865,1,7.000000000090267e-06
9.622369,66,-1,9.000000000369823e-06
9.622376,66,1,6.9999999983139105e-06
9.625098,66,-1,0.0027220000000003353
9.625102,66,1,4.000000000559112e-06
9.625795,32834,-1,0.0006930000000000547
9.625801,66,1,5.999999999062311e-06
9.625807,32834,-1,6.000000000838668e-06
9.625913,66,1,0.00010600000000060561
9.625919,32834,-1,5.999999999062311e-06
9.625921,32834,-1,2.000000000279556e-06
9.625937,66,1,1.600000000046009e-05
9.62594,32834,-1,2.9999999995311555e-06
9.625942,32834,-1,2.000000000279556e-06
9.625959,66,1,1.699999999971169e-05
9.625961,8665,-1,2.000000000279556e-06
9.625963,66,1,2.000000000279556e-06
9.868752,32834,1,0.24278900000000014
9.868761,66,-1,8.999999998593466e-06
9.868771,32834,1,1.000000000139778e-05
9.868828,66,-1,5.699999999997374e-05
9.868837,32834,1,8.999999998593466e-06
9.868843,32834,1,6.000000000838668e-06
9.868846,66,-1,2.9999999995311555e-06
9.868848,66,-1,2.000000000279556e-06
9.868914,32834,1,6.600000000034356e-05
9.868918,66,-1,4.000000000559112e-06
9.868922,32834,1,3.999999998782755e-06
9.868925,66,-1,3.0000000013075123e-06
9.868928,32834,1,2.9999999995311555e-06
9.868931,66,-1,2.9999999995311555e-06
9.868935,32834,1,4.000000000559112e-06
9.86894,66,-1,4.999999999810711e-06
9.86894,32834,1,0.0
9.868944,66,-1,4.000000000559112e-06
9.868948,32834,1,3.999999998782755e-06
9.868951,66,-1,2.9999999995311555e-06
9.868954,32834,1,3.0000000013075123e-06
9.868957,66,-1,2.9999999995311555e-06
9.86896,32834,1,2.9999999995311555e-06
9.868963,66,-1,3.0000000013075123e-06
9.868966,32834,1,2.9999999995311555e-06
9.868972,32834,1,5.999999999062311e-06
9.868977,66,-1,4.999999999810711e-06
9.868977,32834,1,0.0
9.868978,66,-1,1.0000000010279564e-06
9.868982,32834,1,4.000000000559112e-06
9.868985,66,-1,2.9999999995311555e-06
9.868986,66,-1,9.999999992515995e-07
9.868988,32834,1,2.000000000279556e-06
9.868993,66,-1,4.999999999810711e-06
9.868993,32834,1,0.0
9.868997,66,-1,4.000000000559112e-06
9.869003,32834,1,5.999999999062311e-06
9.869006,66,-1,3.0000000013075123e-06
9.869009,32834,1,2.9999999995311555e-06
9.869012,66,-1,2.9999999995311555e-06
9.869015,32834,1,2.9999999995311555e-06
9.869018,66,-1,3.0000000013075123e-06
9.869021,32834,1,2.9999999995311555e-06
9.869024,66,-1,2.9999999995311555e-06
9.869027,32834,1,3.0000000013075123e-06
9.869031,66,-1,3.999999998782755e-06
9.869034,32834,1,2.9999999995311555e-06
9.869039,32834,1,5.000000001587068e-06
9.869045,32834,1,5.999999999062311e-06
9.86905,32834,1,4.999999999810711e-06
9.869053,66,-1,2.9999999995311555e-06
9.869054,32834,1,1.0000000010279564e-06
9.869054,66,-1,0.0
9.869055,66,-1,9.999999992515995e-07
9.869058,32834,1,3.0000000013075123e-06
9.869062,32834,1,3.999999998782755e-06
9.869066,32834,1,4.000000000559112e-06
9.869072,66,-1,5.999999999062311e-06
9.869073,66,-1,1.0000000010279564e-06
9.869078,65549,1,4.999999999810711e-06
9.869083,66,-1,4.999999999810711e-06
9.869084,66,-1,1.0000000010279564e-06
9.86909,65549,1,5.999999999062311e-06
9.869093,66,-1,2.9999999995311555e-06
9.869104,65549,1,1.100000000064938e-05
9.869147,65549,1,4.2999999999793204e-05
9.869219,66,-1,7.199999999940587e-05
9.86922,66,1,1.0000000010279564e-06
9.870961,66,-1,0.0017409999999991044
9.870967,66,1,6.000000000838668e-06
10.62274,74,1,0.751773
10.622761,74,-1,2.1000000000270802e-05
10.622783,66,1,2.19999999995224e-05
10.626308,32834,-1,0.0035249999999997783
10.626334,66,1,2.6000000000081513e-05
10.626361,32834,-1,2.6999999999333113e-05
10.626493,66,1,0.00013200000000068712
10.626521,32834,-1,2.800000000036107e-05
10.626531,32834,-1,9.999999999621423e-06
10.626583,66,1,5.200000000016303e-05
10.626596,32834,-1,1.2999999999152578e-05
10.626605,32834,-1,9.000000000369823e-06
10.626621,66,1,1.600000000046009e-05
10.626629,8665,-1,7.999999999341867e-06
10.626637,66,1,8.000000001118224e-06
10.626645,66,1,7.999999999341867e-06
10.869397,74,1,0.2427519999999994
10.869405,74,-1,8.000000001118224e-06
10.869411,66,1,5.999999999062311e-06
10.942117,32834,1,0.07270600000000016
10.942129,66,-1,1.1999999999900979e-05
10.942139,32834,1,9.999999999621423e-06
10.942246,66,-1,0.00010700000000163357
10.942287,32834,1,4.099999999951365e-05
10.942294,32834,1,7.000000000090267e-06
10.942364,66,-1,6.999999999912632e-05
10.942378,32834,1,1.4000000000180535e-05
10.942382,66,-1,4.000000000559112e-06
10.942386,32834,1,4.000000000559112e-06
10.942393,32834,1,6.9999999983139105e-06
10.942399,32834,1,6.000000000838668e-06
10.942403,66,-1,4.000000000559112e-06
10.942405,66,-1,2.000000000279556e-06
10.942406,32834,1,9.999999992515995e-07
10.942408,66,-1,2.000000000279556e-06
10.94241,66,-1,2.000000000279556e-06
10.942415,32834,1,4.999999999810711e-06
10.942422,32834,1,7.000000000090267e-06
10.942429,32834,1,7.000000000090267e-06
10.942435,32834,1,5.999999999062311e-06
10.942441,32834,1,6.000000000838668e-06
10.942447,32834,1,5.999999999062311e-06
10.942454,32834,1,7.000000000090267e-06
10.942458,66,-1,4.000000000559112e-06
10.942459,66,-1,9.999999992515995e-07
10.94246,32834,1,1.0000000010279564e-06
10.942461,66,-1,9.999999992515995e-07
10.942462,66,-1,1.0000000010279564e-06
10.942464,66,-1,1.999999998503199e-06
10.942465,66,-1,1.0000000010279564e-06
10.942466,32834,1,9.999999992515995e-07
10.942466,66,-1,0.0
10.942468,66,-1,2.000000000279556e-06
10.942469,66,-1,9.999999992515995e-07
10.942472,32834,1,3.0000000013075123e-06
10.942479,32834,1,7.000000000090267e-06
10.942485,32834,1,5.999999999062311e-06
10.942491,32834,1,6.000000000838668e-06
10.942496,32834,1,4.999999999810711e-06
10.942502,32834,1,5.999999999062311e-06
10.942508,32834,1,6.000000000838668e-06
10.942514,32834,1,5.999999999062311e-06
10.942519,32834,1,5.000000001587068e-06
10.942525,32834,1,5.999999999062311e-06
10.942531,32834,1,6.000000000838668e-06
10.942536,32834,1,4.999999999810711e-06
10.942541,32834,1,4.999999999810711e-06
10.942545,32834,1,4.000000000559112e-06
10.94255,32834,1,4.999999999810711e-06
10.942554,32834,1,3.999999998782755e-06
10.942559,32834,1,4.999999999810711e-06
10.942757,66,-1,0.00019800000000103068
10.942767,32834,1,9.999999999621423e-06
10.94277,32834,1,2.9999999995311555e-06
10.942772,32834,1,2.000000000279556e-06
10.942775,32834,1,2.9999999995311555e-06
10.942777,32834,1,2.000000000279556e-06
10.94278,32834,1,3.0000000013075123e-06
10.942785,65549,1,4.999999999810711e-06
10.942786,11865,1,9.999999992515995e-07
10.942803,66,-1,1.699999999971169e-05
10.942926,66,-1,0.0001230000000003173
10.945497,66,-1,0.002570999999999657
10.945505,66,1,8.000000001118224e-06
10.946477,32834,-1,0.0009719999999990847
10.946485,66,1,7.999999999341867e-06
10.946493,32834,-1,8.000000001118224e-06
10.946587,66,1,9.399999999892827e-05
10.946598,32834,-1,1.100000000064938e-05
10.946601,32834,-1,2.9999999995311555e-06
10.946619,66,1,1.8000000000739647e-05
10.946623,32834,-1,4.000000000559112e-06
10.946626,32834,-1,2.9999999995311555e-06
10.94665,66,1,2.3999999999801958e-05
10.946653,8665,-1,2.9999999995311555e-06
10.946656,66,1,3.0000000013075123e-06
11.226535,32834,1,0.2798789999999993
11.226546,66,-1,1.100000000064938e-05
11.226556,32834,1,9.999999999621423e-06
11.226659,66,-1,0.0001029999999992981
11.2267,32834,1,4.099999999951365e-05
11.226707,32834,1,7.000000000090267e-06
11.226766,66,-1,5.9000000000253294e-05
11.226802,32834,1,3.5999999999702936e-05
11.226805,66,-1,3.0000000013075123e-06
11.22681,32834,1,4.999999999810711e-06
11.226813,66,-1,2.9999999995311555e-06
11.226817,32834,1,4.000000000559112e-06
11.226821,66,-1,3.999999998782755e-06
11.226824,32834,1,3.0000000013075123e-06
11.226827,66,-1,2.9999999995311555e-06
11.226833,32834,1,5.999999999062311e-06
11.226836,66,-1,3.0000000013075123e-06
11.226839,32834,1,2.9999999995311555e-06
11.226842,66,-1,2.9999999995311555e-06
11.226845,32834,1,3.0000000013075123e-06
11.226849,66,-1,3.999999998782755e-06
11.22687,32834,1,2.1000000000270802e-05
11.226873,66,-1,2.9999999995311555e-06
11.226876,32834,1,3.0000000013075123e-06
11.226882,32834,1,5.999999999062311e-06
11.226887,32834,1,4.999999999810711e-06
11.226895,32834,1,8.000000001118224e-06
11.2269,32834,1,4.999999999810711e-06
11.226906,32834,1,5.999999999062311e-06
11.226907,66,-1,1.0000000010279564e-06
11.226915,66,-1,7.999999999341867e-06
11.226916,32834,1,9.999999992515995e-07
11.226916,66,-1,0.0
11.226918,66,-1,2.000000000279556e-06
11.226919,66,-1,1.0000000010279564e-06
11.226921,66,-1,2.000000000279556e-06
11.226921,32834,1,0.0
11.226922,66,-1,9.999999992515995e-07
11.226927,32834,1,4.999999999810711e-06
11.226932,32834,1,4.999999999810711e-06
11.226938,32834,1,6.000000000838668e-06
11.226943,32834,1,4.999999999810711e-06
11.226944,66,-1,9.999999992515995e-07
11.226945,66,-1,1.0000000010279564e-06
11.226946,66,-1,9.999999992515995e-07
11.226947,66,-1,9.999999992515995e-07
11.226948,66,-1,1.0000000010279564e-06
11.226949,32834,1,9.999999992515995e-07
11.226954,32834,1,4.999999999810711e-06
11.226961,32834,1,7.000000000090267e-06
11.226965,66,-1,4.000000000559112e-06
11.226967,66,-1,2.000000000279556e-06
11.226967,32834,1,0.0
11.226968,66,-1,9.999999992515995e-07
11.226974,32834,1,6.000000000838668e-06
11.226977,66,-1,2.9999999995311555e-06
11.226979,32834,1,2.000000000279556e-06
11.226984,32834,1,4.999999999810711e-06
11.226984,66,-1,0.0
11.226989,32834,1,4.999999999810711e-06
11.226991,66,-1,2.000000000279556e-06
11.226993,32834,1,2.000000000279556e-06
11.226997,32834,1,4.000000000559112e-06
11.227003,32834,1,5.999999999062311e-06
11.227071,11865,1,6.800000000062312e-05
11.227121,66,-1,4.999999999988347e-05
11.269103,66,-1,0.041981999999999076
11.269115,66,1,1.1999999999900979e-05
11.943007,74,1,0.6738920000000004
11.943028,74,-1,2.1000000000270802e-05
11.943049,66,1,2.1000000000270802e-05
11.946047,32834,-1,0.002997999999999834
11.946072,66,1,2.4999999999053557e-05
11.946099,32834,-1,2.700000000110947e-05
11.946231,66,1,0.00013199999999891077
11.946264,32834,-1,3.300000000017178e-05
11.946273,32834,-1,9.000000000369823e-06
11.946322,66,1,4.900000000063187e-05
11.946335,32834,-1,1.2999999999152578e-05
11.946343,32834,-1,8.000000001118224e-06
11.946398,66,1,5.499999999969418e-05
11.946405,8665,-1,7.000000000090267e-06
11.946413,66,1,7.999999999341867e-06
12.227285,74,1,0.28087200000000045
12.227293,74,-1,7.999999999341867e-06
12.2273,66,1,7.000000000090267e-06
12.246975,32834,1,0.01967500000000122
12.246985,66,-1,9.999999999621423e-06
12.246994,32834,1,9.000000000369823e-06
12.247097,66,-1,0.0001029999999992981
12.247129,32834,1,3.1999999999143824e-05
12.247136,32834,1,7.000000000090267e-06
12.247182,66,-1,4.6000000001100716e-05
12.247213,32834,1,3.0999999999892225e-05
12.247216,66,-1,2.9999999995311555e-06
12.24722,32834,1,4.000000000559112e-06
12.247223,66,-1,2.9999999995311555e-06
12.247227,32834,1,4.000000000559112e-06
12.24723,66,-1,2.9999999995311555e-06
12.247234,32834,1,4.000000000559112e-06
12.247237,66,-1,2.9999999995311555e-06
12.247244,32834,1,7.000000000090267e-06
12.247247,66,-1,2.9999999995311555e-06
12.247251,32834,1,4.000000000559112e-06
12.247253,66,-1,2.000000000279556e-06
12.247257,32834,1,3.999999998782755e-06
12.24726,66,-1,3.0000000013075123e-06
12.247263,32834,1,2.9999999995311555e-06
12.247266,66,-1,2.9999999995311555e-06
12.247269,32834,1,2.9999999995311555e-06
12.247271,66,-1,2.000000000279556e-06
12.247274,32834,1,3.0000000013075123e-06
12.247277,66,-1,2.9999999995311555e-06
12.247281,32834,1,3.999999998782755e-06
12.247284,66,-1,3.0000000013075123e-06
12.247289,32834,1,4.999999999810711e-06
12.247291,66,-1,2.000000000279556e-06
12.247295,32834,1,3.999999998782755e-06
12.2473,32834,1,4.999999999810711e-06
12.247306,32834,1,6.000000000838668e-06
12.247311,32834,1,4.999999999810711e-06
12.247317,32834,1,6.000000000838668e-06
12.247324,32834,1,7.000000000090267e-06
12.24733,32834,1,5.999999999062311e-06
12.247335,32834,1,4.999999999810711e-06
12.247335,66,-1,0.0
12.247339,66,-1,4.000000000559112e-06
12.24734,66,-1,9.999999992515995e-07
12.24734,32834,1,0.0
12.247341,66,-1,1.0000000010279564e-06
12.247342,66,-1,9.999999992515995e-07
12.247343,66,-1,1.0000000010279564e-06
12.247344,66,-1,9.999999992515995e-07
12.247345,32834,1,9.999999992515995e-07
12.247346,66,-1,1.0000000010279564e-06
12.247347,66,-1,9.999999992515995e-07
12.24735,32834,1,3.0000000013075123e-06
12.247355,32834,1,4.999999999810711e-06
12.24736,32834,1,4.999999999810711e-06
12.247365,32834,1,4.999999999810711e-06
12.247369,32834,1,4.000000000559112e-06
12.247372,66,-1,2.9999999995311555e-06
12.247373,32834,1,9.999999992515995e-07
12.247373,66,-1,0.0
12.247377,32834,1,4.000000000559112e-06
12.247381,32834,1,4.000000000559112e-06
12.247388,32834,1,7.000000000090267e-06
12.247408,65549,1,1.9999999999242846e-05
12.247423,66,-1,1.4999999999432134e-05
12.247433,66,-1,9.999999999621423e-06
12.247453,66,-1,2.0000000001019203e-05
12.247455,11865,1,2.000000000279556e-06
12.247458,66,-1,2.9999999995311555e-06
12.247459,66,1,9.999999992515995e-07
12.249947,66,-1,0.002488000000001378
12.249953,66,1,5.999999999062311e-06
12.250681,32834,-1,0.000728000000000506
12.250687,66,1,5.999999999062311e-06
12.250695,32834,-1,8.000000001118224e-06
12.250791,66,1,9.599999999920783e-05
12.250798,32834,-1,7.000000000090267e-06
12.2508,32834,-1,2.000000000279556e-06
12.250813,66,1,1.3000000000928935e-05
12.250816,32834,-1,2.9999999995311555e-06
12.250818,32834,-1,2.000000000279556e-06
12.250837,66,1,1.8999999999991246e-05
12.250838,8665,-1,9.999999992515995e-07
12.25084,66,1,2.000000000279556e-06
12.607566,32834,1,0.3567260000000001
12.607578,66,-1,1.1999999999900979e-05
12.607587,32834,1,9.000000000369823e-06
12.607695,66,-1,0.00010799999999910881
12.607732,32834,1,3.700000000073089e-05
12.607739,32834,1,7.000000000090267e-06
12.607795,66,-1,5.599999999894578e-05
12.607822,32834,1,2.700000000110947e-05
12.607825,66,-1,2.9999999995311555e-06
12.60783,32834,1,4.999999999810711e-06
12.607836,32834,1,6.000000000838668e-06
12.607841,32834,1,4.999999999810711e-06
12.607843,66,-1,2.000000000279556e-06
12.607845,66,-1,1.999999998503199e-06
12.607847,32834,1,2.000000000279556e-06
12.607848,66,-1,1.0000000010279564e-06
12.607853,32834,1,4.999999999810711e-06
12.607859,32834,1,5.999999999062311e-06
12.607888,66,-1,2.9000000001389026e-05
12.60789,66,-1,1.999999998503199e-06
12.607891,66,-1,1.0000000010279564e-06
12.607871,32834,1,-2.0000000001019203e-05
12.607874,32834,1,3.0000000013075123e-06
12.607878,32834,1,3.999999998782755e-06
12.607881,32834,1,3.0000000013075123e-06
12.607884,32834,1,2.9999999995311555e-06
12.607886,32834,1,2.000000000279556e-06
12.60789,32834,1,3.999999998782755e-06
12.607915,32834,1,2.5000000000829914e-05
12.607921,32834,1,5.999999999062311e-06
12.607922,66,-1,1.0000000010279564e-06
12.607923,66,-1,9.999999992515995e-07
12.607924,66,-1,1.0000000010279564e-06
12.607925,66,-1,9.999999992515995e-07
12.607927,32834,1,2.000000000279556e-06
12.607927,66,-1,0.0
12.607929,66,-1,2.000000000279556e-06
12.607931,66,-1,2.000000000279556e-06
12.607932,66,-1,9.999999992515995e-07
12.607933,32834,1,9.999999992515995e-07
12.607933,66,-1,0.0
12.607938,32834,1,5.000000001587068e-06
12.607947,32834,1,8.999999998593466e-06
12.607954,32834,1,7.000000000090267e-06
12.607959,32834,1,4.999999999810711e-06
12.607964,32834,1,5.000000001587068e-06
12.607969,32834,1,4.999999999810711e-06
12.607974,32834,1,4.999999999810711e-06
12.607979,32834,1,4.999999999810711e-06
12.607983,32834,1,4.000000000559112e-06
12.607987,32834,1,3.999999998782755e-06
12.607991,32834,1,4.000000000559112e-06
12.607997,32834,1,5.999999999062311e-06
12.608,32834,1,3.0000000013075123e-06
12.608005,32834,1,4.999999999810711e-06
12.608008,32834,1,2.9999999995311555e-06
12.608012,32834,1,4.000000000559112e-06
12.608017,32834,1,4.999999999810711e-06
12.608021,32834,1,4.000000000559112e-06
12.608025,32834,1,3.999999998782755e-06
12.608029,32834,1,4.000000000559112e-06
12.608211,66,-1,0.0001820000000005706
12.608221,32834,1,9.999999999621423e-06
12.608223,32834,1,2.000000000279556e-06
12.608225,32834,1,1.999999998503199e-06
12.608227,32834,1,2.000000000279556e-06
12.60823,32834,1,3.0000000013075123e-06
12.608233,65549,1,2.9999999995311555e-06
12.608235,11865,1,2.000000000279556e-06
12.608247,66,-1,1.1999999999900979e-05
12.608249,66,-1,2.000000000279556e-06
12.60825,66,-1,9.999999992515995e-07
12.608251,66,-1,9.999999992515995e-07
12.608253,66,-1,2.000000000279556e-06
12.608254,66,-1,1.0000000010279564e-06
12.608322,66,-1,6.799999999884676e-05
12.610632,66,-1,0.0023100000000013665
12.610639,66,1,7.000000000090267e-06
13.247902,74,1,0.637262999999999
13.247924,74,-1,2.19999999995224e-05
13.247946,66,1,2.200000000129876e-05
13.251076,32834,-1,0.003129999999998745
13.251102,66,1,2.6000000000081513e-05
13.25113,32834,-1,2.800000000036107e-05
13.25126,66,1,0.00013000000000040757
13.251292,32834,-1,3.1999999999143824e-05
13.251304,32834,-1,1.1999999999900979e-05
13.251364,66,1,6.000000000128125e-05
13.251381,32834,-1,1.699999999971169e-05
13.251392,32834,-1,1.0999999998873022e-05
13.251449,66,1,5.699999999997374e-05
13.251456,8665,-1,7.000000000090267e-06
13.251463,66,1,7.000000000090267e-06
13.608208,74,1,0.3567450000000001
13.608216,74,-1,8.000000001118224e-06
13.608223,66,1,7.000000000090267e-06
13.61701,32834,1,0.008786999999999878
13.617019,66,-1,9.000000000369823e-06
13.617028,32834,1,8.999999998593466e-06
13.61714,66,-1,0.00011199999999966792
13.617168,32834,1,2.800000000036107e-05
13.617175,32834,1,7.000000000090267e-06
13.617241,66,-1,6.600000000034356e-05
13.617274,32834,1,3.300000000017178e-05
13.617277,66,-1,2.9999999995311555e-06
13.617281,32834,1,4.000000000559112e-06
13.617284,66,-1,2.9999999995311555e-06
13.617289,32834,1,4.999999999810711e-06
13.617292,66,-1,3.0000000013075123e-06
13.617295,32834,1,2.9999999995311555e-06
13.617299,66,-1,3.999999998782755e-06
13.617302,32834,1,3.0000000013075123e-06
13.61733,66,-1,2.800000000036107e-05
13.617333,32834,1,2.9999999995311555e-06
13.617336,66,-1,2.9999999995311555e-06
13.617339,32834,1,2.9999999995311555e-06
13.617343,66,-1,4.000000000559112e-06
13.617346,32834,1,2.9999999995311555e-06
13.617349,66,-1,3.0000000013075123e-06
13.617352,32834,1,2.9999999995311555e-06
13.617355,66,-1,2.9999999995311555e-06
13.617372,32834,1,1.699999999971169e-05
13.617375,66,-1,2.9999999995311555e-06
13.617378,32834,1,3.0000000013075123e-06
13.617385,32834,1,7.000000000090267e-06
13.617391,32834,1,5.999999999062311e-06
13.617396,32834,1,4.999999999810711e-06
13.617402,32834,1,6.000000000838668e-06
13.617408,32834,1,5.999999999062311e-06
13.617412,66,-1,4.000000000559112e-06
13.617413,32834,1,1.0000000010279564e-06
13.617416,66,-1,2.9999999995311555e-06
13.617417,66,-1,9.999999992515995e-07
13.617418,66,-1,1.0000000010279564e-06
13.617419,32834,1,9.999999992515995e-07
13.61742,66,-1,9.999999992515995e-07
13.617421,66,-1,1.0000000010279564e-06
13.617422,66,-1,9.999999992515995e-07
13.617423,66,-1,1.0000000010279564e-06
13.617424,32834,1,9.999999992515995e-07
13.61743,32834,1,6.000000000838668e-06
13.617436,32834,1,5.999999999062311e-06
13.617441,32834,1,4.999999999810711e-06
13.617447,32834,1,6.000000000838668e-06
13.617448,66,-1,9.999999992515995e-07
13.61745,66,-1,2.000000000279556e-06
13.617451,66,-1,1.0000000010279564e-06
13.617452,66,-1,9.999999992515995e-07
13.617453,32834,1,9.999999992515995e-07
13.617453,66,-1,0.0
13.617458,32834,1,4.999999999810711e-06
13.617463,32834,1,5.000000001587068e-06
13.617467,32834,1,3.999999998782755e-06
13.617468,66,-1,1.0000000010279564e-06
13.617471,32834,1,2.9999999995311555e-06
13.61748,32834,1,9.000000000369823e-06
13.617481,66,-1,9.999999992515995e-07
13.617482,66,-1,1.0000000010279564e-06
13.617484,32834,1,1.999999998503199e-06
13.617488,32834,1,4.000000000559112e-06
13.617489,66,-1,1.0000000010279564e-06
13.617492,32834,1,2.9999999995311555e-06
13.617496,32834,1,3.999999998782755e-06
13.617497,66,-1,1.0000000010279564e-06
13.6175,32834,1,2.9999999995311555e-06
13.617503,32834,1,2.9999999995311555e-06
13.617504,66,-1,1.0000000010279564e-06
13.617507,32834,1,2.9999999995311555e-06
13.617511,32834,1,4.000000000559112e-06
13.617512,66,-1,9.999999992515995e-07
13.617515,32834,1,2.9999999995311555e-06
13.617527,66,-1,1.2000000001677336e-05
13.617531,65549,1,3.999999998782755e-06
13.617536,66,-1,4.999999999810711e-06
13.617539,11865,1,3.0000000013075123e-06
13.617542,66,-1,2.9999999995311555e-06
13.617545,66,-1,2.9999999995311555e-06
13.617581,66,1,3.5999999999702936e-05
13.619556,66,-1,0.001974999999999838
13.61956,66,1,4.000000000559112e-06
13.620286,32834,-1,0.0007260000000002265
13.620291,66,1,4.999999999810711e-06
13.620298,32834,-1,7.000000000090267e-06
13.620385,66,1,8.700000000061436e-05
13.620391,32834,-1,5.999999999062311e-06
13.620393,32834,-1,2.000000000279556e-06
13.620406,66,1,1.2999999999152578e-05
13.620409,32834,-1,3.0000000013075123e-06
13.62041,32834,-1,9.999999992515995e-07
13.620428,66,1,1.8000000000739647e-05
13.62043,8665,-1,2.000000000279556e-06
13.620431,66,1,9.999999992515995e-07
13.889678,32834,1,0.269247
13.889689,66,-1,1.100000000064938e-05
13.889698,32834,1,8.999999998593466e-06
13.889749,66,-1,5.100000000091143e-05
13.889767,32834,1,1.8000000000739647e-05
13.889774,32834,1,6.9999999983139105e-06
13.889777,66,-1,3.0000000013075123e-06
13.889779,66,-1,2.000000000279556e-06
13.889844,32834,1,6.49999999993156e-05
13.889847,66,-1,2.9999999995311555e-06
13.889851,32834,1,4.000000000559112e-06
13.889853,66,-1,2.000000000279556e-06
13.889858,32834,1,4.999999999810711e-06
13.889861,66,-1,2.9999999995311555e-06
13.889865,32834,1,4.000000000559112e-06
13.889868,66,-1,2.9999999995311555e-06
13.889871,32834,1,2.9999999995311555e-06
13.889874,66,-1,3.0000000013075123e-06
13.889879,32834,1,4.999999999810711e-06
13.889885,32834,1,5.999999999062311e-06
13.889888,66,-1,2.9999999995311555e-06
13.88989,66,-1,2.000000000279556e-06
13.88989,32834,1,0.0
13.889896,32834,1,6.000000000838668e-06
13.889897,66,-1,9.999999992515995e-07
13.889902,66,-1,4.999999999810711e-06
13.889902,32834,1,0.0
13.889906,66,-1,4.000000000559112e-06
13.889908,32834,1,2.000000000279556e-06
13.889911,66,-1,2.9999999995311555e-06
13.889914,32834,1,2.9999999995311555e-06
13.889917,66,-1,3.0000000013075123e-06
13.88992,32834,1,2.9999999995311555e-06
13.889923,66,-1,2.9999999995311555e-06
13.889928,32834,1,4.999999999810711e-06
13.88993,66,-1,2.000000000279556e-06
13.889934,32834,1,4.000000000559112e-06
13.889936,66,-1,2.000000000279556e-06
13.88994,32834,1,3.999999998782755e-06
13.889946,32834,1,6.000000000838668e-06
13.889955,32834,1,9.000000000369823e-06
13.889958,66,-1,2.9999999995311555e-06
13.88996,66,-1,2.000000000279556e-06
13.88996,32834,1,0.0
13.889961,66,-1,9.999999992515995e-07
13.889965,32834,1,4.000000000559112e-06
13.889971,66,-1,5.999999999062311e-06
13.889971,32834,1,0.0
13.889972,66,-1,1.0000000010279564e-06
13.889976,32834,1,4.000000000559112e-06
13.889978,66,-1,1.999999998503199e-06
13.88998,66,-1,2.000000000279556e-06
13.889981,32834,1,1.0000000010279564e-06
13.889986,66,-1,4.999999999810711e-06
13.889986,32834,1,0.0
13.88999,32834,1,3.999999998782755e-06
13.889993,66,-1,3.0000000013075123e-06
13.889994,32834,1,9.999999992515995e-07
13.889997,66,-1,2.9999999995311555e-06
13.890025,65549,1,2.800000000036107e-05
13.890053,65549,1,2.800000000036107e-05
13.890116,66,-1,6.30000000008124e-05
13.890127,66,-1,1.0999999998873022e-05
13.890136,66,1,9.000000000369823e-06
13.891915,66,-1,0.0017789999999990869
13.891919,66,1,4.000000000559112e-06
14.617975,74,1,0.7260559999999998
14.617997,74,-1,2.200000000129876e-05
14.618019,66,1,2.19999999995224e-05
14.621028,32834,-1,0.0030090000000004835
14.621054,66,1,2.6000000000081513e-05
14.621081,32834,-1,2.6999999999333113e-05
14.62121,66,1,0.0001289999999993796
14.621237,32834,-1,2.700000000110947e-05
14.621247,32834,-1,9.999999999621423e-06
14.621296,66,1,4.8999999998855515e-05
14.621309,32834,-1,1.3000000000928935e-05
14.621318,32834,-1,9.000000000369823e-06
14.621371,66,1,5.2999999999414626e-05
14.621378,8665,-1,7.000000000090267e-06
14.621386,66,1,7.999999999341867e-06
14.89035,74,1,0.2689640000000004
14.890361,74,-1,1.100000000064938e-05
14.89037,66,1,9.000000000369823e-06
14.99799,32834,1,0.10761999999999894
14.998001,66,-1,1.100000000064938e-05
14.99801,32834,1,9.000000000369823e-06
14.998107,66,-1,9.699999999845943e-05
14.998156,32834,1,4.900000000063187e-05
14.998162,32834,1,6.000000000838668e-06
14.998221,66,-1,5.899999999847694e-05
14.998253,32834,1,3.200000000092018e-05
14.998256,66,-1,2.9999999995311555e-06
14.99826,32834,1,4.000000000559112e-06
14.998263,66,-1,2.9999999995311555e-06
14.998268,32834,1,4.999999999810711e-06
14.998271,66,-1,3.0000000013075123e-06
14.998275,32834,1,3.999999998782755e-06
14.998278,66,-1,3.0000000013075123e-06
14.998282,32834,1,3.999999998782755e-06
14.998285,66,-1,2.9999999995311555e-06
14.998288,32834,1,3.0000000013075123e-06
14.998291,66,-1,2.9999999995311555e-06
14.998298,32834,1,7.000000000090267e-06
14.998301,66,-1,2.9999999995311555e-06
14.998305,32834,1,4.000000000559112e-06
14.998307,66,-1,2.000000000279556e-06
14.998311,32834,1,3.999999998782755e-06
14.998314,66,-1,3.0000000013075123e-06
14.998317,32834,1,2.9999999995311555e-06
14.99832,66,-1,2.9999999995311555e-06
14.998337,32834,1,1.699999999971169e-05
14.99834,66,-1,3.0000000013075123e-06
14.998345,32834,1,4.999999999810711e-06
14.99835,32834,1,4.999999999810711e-06
14.998356,32834,1,5.999999999062311e-06
14.998361,32834,1,4.999999999810711e-06
14.998367,32834,1,6.000000000838668e-06
14.998373,32834,1,6.000000000838668e-06
14.998378,32834,1,4.999999999810711e-06
14.99838,66,-1,1.999999998503199e-06
14.998383,66,-1,3.0000000013075123e-06
14.998384,66,-1,9.999999992515995e-07
14.998385,32834,1,1.0000000010279564e-06
14.998385,66,-1,0.0
14.998386,66,-1,9.999999992515995e-07
14.998387,66,-1,9.999999992515995e-07
14.998389,66,-1,2.000000000279556e-06
14.99839,66,-1,1.0000000010279564e-06
14.99839,32834,1,0.0
14.998396,32834,1,5.999999999062311e-06
14.998401,32834,1,4.999999999810711e-06
14.998407,32834,1,6.000000000838668e-06
14.998412,32834,1,4.999999999810711e-06
14.998415,66,-1,2.9999999995311555e-06
14.998416,66,-1,1.0000000010279564e-06
14.998417,66,-1,9.999999992515995e-07
14.998418,32834,1,9.999999992515995e-07
14.998418,66,-1,0.0
14.998422,32834,1,4.000000000559112e-06
14.998426,32834,1,4.000000000559112e-06
14.998431,32834,1,4.999999999810711e-06
14.998433,66,-1,2.000000000279556e-06
14.998434,66,-1,9.999999992515995e-07
14.998435,32834,1,1.0000000010279564e-06
14.998439,32834,1,3.999999998782755e-06
14.998446,66,-1,7.000000000090267e-06
14.998447,66,-1,1.0000000010279564e-06
14.998448,32834,1,9.999999992515995e-07
14.998457,32834,1,9.000000000369823e-06
14.998461,32834,1,4.000000000559112e-06
14.998465,32834,1,3.999999998782755e-06
14.998528,66,1,6.30000000008124e-05
15.000521,66,-1,0.0019930000000005776
15.000525,66,1,3.999999998782755e-06
15.001244,32834,-1,0.0007190000000001362
15.001249,66,1,4.999999999810711e-06
15.001255,32834,-1,6.000000000838668e-06
15.001378,66,1,0.0001230000000003173
15.001384,32834,-1,5.999999999062311e-06
15.001386,32834,-1,2.000000000279556e-06
15.0014,66,1,1.4000000000180535e-05
15.001403,32834,-1,2.9999999995311555e-06
15.001405,32834,-1,2.000000000279556e-06
15.001422,66,1,1.699999999971169e-05
15.001426,8665,-1,4.000000000559112e-06
15.001428,66,1,2.000000000279556e-06
15.293366,32834,1,0.29193800000000003
15.293377,66,-1,1.0999999998873022e-05
15.293386,32834,1,9.000000000369823e-06
15.293487,66,-1,0.0001010000000007949
15.293518,32834,1,3.0999999999892225e-05
15.293524,32834,1,5.999999999062311e-06
15.293604,66,-1,8.00000000005241e-05
15.293612,32834,1,7.999999999341867e-06
15.293616,32834,1,4.000000000559112e-06
15.293622,66,-1,5.999999999062311e-06
15.293626,32834,1,4.000000000559112e-06
15.293629,32834,1,2.9999999995311555e-06
15.293631,32834,1,2.000000000279556e-06
15.293634,32834,1,3.0000000013075123e-06
15.293644,66,-1,9.999999999621423e-06
15.293647,32834,1,2.9999999995311555e-06
15.29365,32834,1,2.9999999995311555e-06
15.293653,32834,1,3.0000000013075123e-06
15.293656,32834,1,2.9999999995311555e-06
15.293659,32834,1,2.9999999995311555e-06
15.293672,66,-1,1.3000000000928935e-05
15.293675,32834,1,2.9999999995311555e-06
15.293678,32834,1,2.9999999995311555e-06
15.293681,32834,1,2.9999999995311555e-06
15.293689,66,-1,8.000000001118224e-06
15.293692,32834,1,2.9999999995311555e-06
15.293695,32834,1,2.9999999995311555e-06
15.2937,66,-1,4.999999999810711e-06
15.293704,32834,1,4.000000000559112e-06
15.293707,32834,1,2.9999999995311555e-06
15.293712,66,-1,4.999999999810711e-06
15.293716,32834,1,4.000000000559112e-06
15.293718,32834,1,2.000000000279556e-06
15.293723,66,-1,4.999999999810711e-06
15.293726,32834,1,2.9999999995311555e-06
15.293729,32834,1,3.0000000013075123e-06
15.293735,66,-1,5.999999999062311e-06
15.293738,32834,1,2.9999999995311555e-06
15.293741,32834,1,3.0000000013075123e-06
15.293746,66,-1,4.999999999810711e-06
15.293749,32834,1,2.9999999995311555e-06
15.293752,32834,1,2.9999999995311555e-06
15.293756,66,-1,4.000000000559112e-06
15.293759,32834,1,2.9999999995311555e-06
15.293762,66,-1,2.9999999995311555e-06
15.293765,32834,1,3.0000000013075123e-06
15.293768,66,-1,2.9999999995311555e-06
15.29377,32834,1,2.000000000279556e-06
15.293773,66,-1,2.9999999995311555e-06
15.293776,32834,1,2.9999999995311555e-06
15.293872,66,-1,9.600000000098419e-05
15.293879,32834,1,7.000000000090267e-06
15.293882,32834,1,2.9999999995311555e-06
15.293884,32834,1,2.000000000279556e-06
15.293886,32834,1,2.000000000279556e-06
15.293892,32834,1,5.999999999062311e-06
15.293894,32834,1,2.000000000279556e-06
15.293897,32834,1,2.9999999995311555e-06
15.293899,32834,1,2.000000000279556e-06
15.293901,32834,1,2.000000000279556e-06
15.293903,32834,1,2.000000000279556e-06
15.293905,32834,1,2.000000000279556e-06
15.293907,32834,1,2.000000000279556e-06
15.293909,32834,1,1.999999998503199e-06
15.293911,32834,1,2.000000000279556e-06
15.293914,32834,1,2.9999999995311555e-06
15.293915,11812,1,1.0000000010279564e-06
15.293939,66,-1,2.3999999999801958e-05
15.293941,66,-1,2.000000000279556e-06
15.293942,66,-1,9.999999992515995e-07
15.293943,66,-1,1.0000000010279564e-06
15.293945,66,-1,2.000000000279556e-06
15.293946,66,-1,9.999999992515995e-07
15.293947,66,-1,9.999999992515995e-07
15.293948,66,-1,1.0000000010279564e-06
15.294071,66,-1,0.0001230000000003173
15.295847,66,-1,0.0017759999999995557
15.295854,66,1,7.000000000090267e-06
15.998948,74,1,0.7030940000000001
15.99897,74,-1,2.19999999995224e-05
15.998992,66,1,2.19999999995224e-05
16.00196,32834,-1,0.00296800000000097
16.001986,66,1,2.5999999998305157e-05
16.002014,32834,-1,2.800000000036107e-05
16.002137,66,1,0.00012300000000209366
16.002168,32834,-1,3.0999999999892225e-05
16.002177,32834,-1,8.999999998593466e-06
16.002228,66,1,5.099999999913507e-05
16.002241,32834,-1,1.3000000002705292e-05
16.002249,32834,-1,7.99999999756551e-06
16.002304,66,1,5.499999999969418e-05
16.002311,8665,-1,7.000000000090267e-06
16.002318,66,1,7.000000000090267e-06
16.319879,32834,1,0.3175610000000013
16.319891,66,-1,1.1999999998124622e-05
16.319901,32834,1,1.0000000003174137e-05
16.320007,66,-1,0.00010599999999882925
16.320053,32834,1,4.6000000001100716e-05
16.320061,32834,1,7.99999999756551e-06
16.320112,66,-1,5.1000000002687784e-05
16.320147,32834,1,3.499999999689862e-05
16.32015,66,-1,3.000000003083869e-06
16.320156,32834,1,5.999999999062311e-06
16.320158,66,-1,1.999999998503199e-06
16.320163,32834,1,5.000000001587068e-06
16.320166,66,-1,2.9999999995311555e-06
16.32017,32834,1,4.000000000559112e-06
16.320174,66,-1,4.000000000559112e-06
16.320178,32834,1,3.999999997006398e-06
16.320181,66,-1,3.000000003083869e-06
16.320185,32834,1,3.999999997006398e-06
16.320188,66,-1,3.000000003083869e-06
16.320192,32834,1,3.999999997006398e-06
16.320195,66,-1,2.9999999995311555e-06
16.320199,32834,1,4.000000000559112e-06
16.320201,66,-1,2.0000000020559128e-06
16.320205,32834,1,4.000000000559112e-06
16.320208,66,-1,2.9999999995311555e-06
16.320212,32834,1,4.000000000559112e-06
16.320215,66,-1,2.9999999995311555e-06
16.320219,32834,1,4.000000000559112e-06
16.320222,66,-1,2.9999999995311555e-06
16.320227,32834,1,4.9999999980343546e-06
16.320234,32834,1,7.000000000090267e-06
16.32024,32834,1,5.999999999062311e-06
16.320245,32834,1,5.000000001587068e-06
16.320252,32834,1,7.000000000090267e-06
16.320257,32834,1,5.000000001587068e-06
16.320263,32834,1,5.999999999062311e-06
16.320263,66,-1,0.0
16.320267,66,-1,4.000000000559112e-06
16.320269,66,-1,1.999999998503199e-06
16.32027,32834,1,1.0000000010279564e-06
16.32027,66,-1,0.0
16.320271,66,-1,1.0000000010279564e-06
16.320273,66,-1,1.999999998503199e-06
16.320274,66,-1,1.0000000010279564e-06
16.320275,66,-1,9.999999974752427e-07
16.320276,32834,1,1.0000000010279564e-06
16.320282,32834,1,5.999999999062311e-06
16.320288,32834,1,6.000000002615025e-06
16.320294,32834,1,5.999999999062311e-06
16.3203,32834,1,5.999999999062311e-06
16.320301,66,-1,1.0000000010279564e-06
16.320302,66,-1,1.0000000010279564e-06
16.320305,66,-1,2.9999999995311555e-06
16.320306,32834,1,9.999999974752427e-07
16.320312,32834,1,6.000000002615025e-06
16.320316,32834,1,3.999999997006398e-06
16.320336,32834,1,2.000000000279556e-05
16.320339,32834,1,2.9999999995311555e-06
16.320341,66,-1,1.999999998503199e-06
16.320343,32834,1,2.0000000020559128e-06
16.320367,66,-1,2.3999999999801958e-05
16.320389,66,-1,2.1999999997746045e-05
16.320396,11865,1,7.000000000090267e-06
16.320398,66,-1,2.0000000020559128e-06
16.320401,66,1,2.9999999995311555e-06
16.322791,66,-1,0.002389999999998338
16.322797,66,1,6.000000002615025e-06
17.320826,74,1,0.998028999999999
17.32085,74,-1,2.3999999999801958e-05
17.320873,66,1,2.2999999998774e-05
17.323918,32834,-1,0.0030450000000001864
17.323943,66,1,2.5000000000829914e-05
17.32397,32834,-1,2.6999999999333113e-05
17.324099,66,1,0.00012900000000115597
17.324137,32834,-1,3.799999999998249e-05
17.324147,32834,-1,9.999999999621423e-06
17.324201,66,1,5.3999999998666226e-05
17.324215,32834,-1,1.4000000000180535e-05
17.324225,32834,-1,9.999999999621423e-06
17.324285,66,1,6.000000000128125e-05
17.324292,8665,-1,7.000000000090267e-06
17.3243,66,1,8.000000001118224e-06
17.685478,32834,1,0.3611779999999989
17.685489,66,-1,1.100000000064938e-05
17.685499,32834,1,9.999999999621423e-06
17.685612,66,-1,0.00011299999999891952
17.685645,32834,1,3.300000000194814e-05
17.685655,32834,1,9.999999999621423e-06
17.685718,66,-1,6.30000000008124e-05
17.685758,32834,1,3.999999999848569e-05
17.685761,66,-1,2.9999999995311555e-06
17.685766,32834,1,5.000000001587068e-06
17.685769,66,-1,2.9999999995311555e-06
17.685774,32834,1,4.9999999980343546e-06
17.685777,66,-1,3.000000003083869e-06
17.685782,32834,1,4.9999999980343546e-06
17.685785,66,-1,2.9999999995311555e-06
17.685789,32834,1,4.000000000559112e-06
17.685792,66,-1,2.9999999995311555e-06
17.685796,32834,1,4.000000000559112e-06
17.685799,66,-1,2.9999999995311555e-06
17.685802,32834,1,2.9999999995311555e-06
17.685806,66,-1,4.000000000559112e-06
17.68581,32834,1,4.000000000559112e-06
17.685813,66,-1,2.9999999995311555e-06
17.685817,32834,1,4.000000000559112e-06
17.68582,66,-1,2.9999999995311555e-06
17.685824,32834,1,4.000000000559112e-06
17.68583,32834,1,5.999999999062311e-06
17.685838,32834,1,8.000000001118224e-06
17.685845,32834,1,7.000000000090267e-06
17.68585,32834,1,4.9999999980343546e-06
17.685856,32834,1,6.000000002615025e-06
17.685862,32834,1,5.999999999062311e-06
17.685868,32834,1,5.999999999062311e-06
17.685873,32834,1,5.000000001587068e-06
17.685879,32834,1,5.999999999062311e-06
17.685885,32834,1,5.999999999062311e-06
17.68589,32834,1,5.000000001587068e-06
17.685896,32834,1,5.999999999062311e-06
17.685902,32834,1,5.999999999062311e-06
17.685907,32834,1,5.000000001587068e-06
17.685911,66,-1,4.000000000559112e-06
17.685913,32834,1,1.999999998503199e-06
17.685915,66,-1,2.0000000020559128e-06
17.685916,66,-1,9.999999974752427e-07
17.685917,66,-1,1.0000000010279564e-06
17.685918,32834,1,1.0000000010279564e-06
17.685918,66,-1,0.0
17.685919,66,-1,9.999999974752427e-07
17.68592,66,-1,1.0000000010279564e-06
17.685922,66,-1,2.0000000020559128e-06
17.685924,66,-1,1.999999998503199e-06
17.685924,32834,1,0.0
17.685925,66,-1,1.0000000010279564e-06
17.685926,66,-1,9.999999974752427e-07
17.685929,32834,1,3.000000003083869e-06
17.685932,32834,1,2.9999999995311555e-06
17.685936,32834,1,4.000000000559112e-06
17.68594,32834,1,3.999999997006398e-06
17.685944,32834,1,4.000000000559112e-06
17.685948,32834,1,4.000000000559112e-06
17.685951,32834,1,2.9999999995311555e-06
17.686082,66,-1,0.00013099999999965917
17.68609,65549,1,8.000000001118224e-06
17.686092,11865,1,1.999999998503199e-06
17.686097,66,-1,5.000000001587068e-06
17.686098,66,-1,1.0000000010279564e-06
17.686252,66,-1,0.00015399999999843317
17.688502,66,-1,0.0022500000000000853
17.688508,66,1,5.999999999062311e-06
